<?xml version="1.0" encoding="UTF-8" standalone="yes"?>
<addon id="repository.scorpionvod" name="Scorpion Vod Repository" version="1.0" provider-name="Playonmonkey">
	<extension point="xbmc.addon.repository" name="scorpionvod">
		<info compressed="false">https://raw.githubusercontent.com/ScorpionIpvt/scorpionvod/master/addons.xml</info>
		<checksum>https://raw.githubusercontent.com/ScorpionIpvt/scorpionvod/master/addons.xml.md5</checksum>
		<datadir zip="true">https://raw.githubusercontent.com/ScorpionIpvt/scorpionvod/master/</datadir>
	</extension>
	<extension point="xbmc.addon.metadata">
		<summary>Scorpion Vod Repository</summary>
		<description>Scorpion Vod Add ons</description>
		<platform>all</platform>
	</extension>
</addon>

